"stretch","part","describe","owner","view","bare","lovely","something","breeze","tomorrow","scale","us","additional","giant","silence","thing","instance","television","experiment","weak","level","eye","happy","glad","work","saw","flies","definition","hung","hearing","yard","paint","list","page","political","customs","sail","land","wooden","skill","bent","finish","aside","harbor","wing","jar","planet","three","clearly","using","seat","determine","flower","strength","although","check","got","important","habit","horn","teeth","mass","dish","amount","require","deer","pond","generally","invented","accept","avoid","particles","does","musical","lower","ahead","according","collect","soft","box","thank","tropical","slide","steady","physical","son","experience","map","grade","neighborhood","open","unhappy","around","chicken","attached","after","ate","sometime","dried","feet"
"excited","feathers","learn","similar","television","depend","pole","route","spoken","twice","answer","variety","higher","win","life","run","excitement","heart","ants","stuck","quite","nervous","excited","twice","toward","instant","product","wood","slowly","born","expression","national","soft","mostly","stepped","actual","stuck","recently","tobacco","perfect","out","accurate","event","thing","already","coal","grass","studying","space","can","room","laid","must","sad","declared","prepare","appearance","divide","history","plate","harbor","equipment","wall","system","smell","level","white","what","president","atmosphere","animal","eye","been","wooden","fox","serious","wash","hearing","swimming","ship","stone","felt","hay","tiny","experience","pencil","wrote","moon","area","noun","row","vapor","express","nodded","angle","court","these","course","brick","produce"
"which","around","week","hollow","bee","how","directly","practical","adjective","blew","key","location","stay","heart","answer","swung","stretch","water","began","refer","upper","rice","us","column","pie","better","structure","stiff","chart","fill","brother","impossible","bean","chance","whispered","whose","poet","weak","danger","pot","excellent","twelve","baby","necessary","fifty","everything","write","furniture","skin","wrapped","strength","horse","heart","concerned","generally","swam","rocky","arrangement","organized","chapter","belt","agree","outside","call","never","allow","hurt","usually","book","uncle","shoulder","telephone","seems","house","able","palace","practical","leaving","finest","world","foot","chance","beneath","draw","trip","here","perhaps","caught","experience","spirit","drink","subject","spite","safe","year","fed","imagine","pupil","excited","mountain"
"coach","carbon","notice","lack","merely","plates","noise","older","interest","habit","dream","knew","felt","bicycle","felt","donkey","satisfied","official","making","south","spend","forget","ordinary","available","story","idea","flower","speed","sense","test","dish","current","gradually","roof","conversation","properly","line","straight","held","attached","surface","speak","interior","apart","additional","full","straight","ate","simplest","born","fort","unhappy","product","toy","sea","range","highway","labor","coffee","tune","acres","method","happily","park","myself","affect","needed","ball","start","lips","save","leave","beauty","pleasure","tried","thin","whole","porch","lamp","driving","settle","won","visit","because","roll","human","certain","rising","free","upward","judge","once","city","spread","swim","who","atom","suggest","upon","decide"
"honor","whenever","weak","climate","recognize","settlers","exact","sign","include","pet","direction","steady","diameter","simple","activity","park","tent","coal","memory","worker","mirror","note","road","walk","sick","minute","atmosphere","note","valuable","ants","introduced","no","daily","bell","usual","strange","fast","coffee","spread","troops","would","sign","failed","partly","electricity","changing","lose","hollow","on","poet","horse","discussion","build","them","aloud","cook","help","push","independent","inside","dot","heat","themselves","label","throw","country","engine","struggle","guide","became","still","call","sometime","frame","mathematics","afternoon","shaking","region","joined","correct","still","folks","forward","rather","sing","actual","themselves","order","porch","them","everywhere","experiment","square","aside","frog","great","jet","own","date","basis"
"fed","acres","you","nearer","scene","are","fuel","soldier","imagine","satisfied","bent","breathing","taken","tropical","donkey","itself","gone","work","vessels","any","replace","making","atomic","eight","recognize","saw","cabin","control","handsome","wood","special","hospital","exchange","race","temperature","drew","speech","swam","real","ready","shirt","us","note","seed","here","cent","breathing","factor","loss","came","settlers","least","bee","chance","three","needle","guard","open","apart","graph","unhappy","where","women","yet","anyone","union","necessary","lie","making","stone","add","flag","laugh","save","chance","master","recognize","piece","broad","cap","laugh","town","breath","egg","whose","realize","shoot","possible","southern","value","goose","other","seven","bow","judge","also","best","army","settlers","occur"
"safety","moment","pictured","through","tea","pine","thee","spent","while","uncle","color","slow","beautiful","practical","though","season","knowledge","carefully","tight","plural","bee","seven","conversation","wall","package","mixture","all","eaten","inch","consonant","control","wear","grandmother","remember","cake","instrument","sun","available","leaving","food","escape","plenty","nobody","boat","realize","apple","sugar","take","manner","usual","action","apple","brought","tube","without","cowboy","shade","furniture","breeze","biggest","chance","castle","compare","trail","gold","shade","given","bare","each","father","basket","organization","blew","floating","silk","chemical","contrast","among","uncle","health","handsome","thread","force","worse","sudden","tin","boy","example","upper","period","cool","roll","basic","riding","teach","rate","plus","certain","answer","gave"
"yard","meal","invented","if","ability","tip","highway","slide","shine","jump","pine","sign","spirit","kitchen","live","powerful","drew","ring","stand","stairs","stand","further","shoe","taste","saved","heart","rough","soap","rising","doll","plastic","straight","subject","arrive","done","either","strength","second","fall","example","natural","keep","mix","action","wall","part","excited","stairs","knowledge","smell","ever","men","tired","maybe","spring","combine","beauty","place","education","star","quietly","idea","beautiful","atmosphere","wall","function","themselves","scale","southern","garage","remember","smile","beyond","kill","gun","taken","entire","lot","sit","receive","complete","leaving","plan","happened","leg","develop","store","require","boy","pen","sometime","every","chief","unusual","various","double","condition","shaking","wear","find"
"forgotten","automobile","dog","instance","later","wire","stairs","sitting","provide","like","thin","arrive","alone","daughter","soft","clear","children","pride","loose","consonant","flies","stone","way","slowly","trunk","lot","hill","useful","win","drawn","tone","president","shall","worth","alive","tone","favorite","zero","because","original","climate","grade","felt","bound","rain","rate","prevent","fought","enjoy","choice","column","instance","find","although","along","thee","muscle","wonder","bite","yellow","wheat","contain","monkey","bright","blue","just","put","just","which","afternoon","tune","ourselves","toward","happen","whole","solution","clay","your","ice","afraid","jungle","stuck","western","excitement","any","brick","paragraph","passage","enter","hope","might","way","split","sold","scientific","particles","cannot","sister","useful","happy"
"obtain","block","bat","change","mile","atom","wash","stairs","part","transportation","influence","cattle","skill","meet","fresh","form","married","bell","whatever","shorter","quite","control","wonder","ran","golden","species","quite","speak","road","spirit","being","full","stop","tea","history","when","location","such","nobody","hand","drive","expect","adjective","fellow","fellow","left","soon","sail","barn","classroom","forth","number","room","three","whispered","wore","speed","leave","mysterious","point","cold","fur","many","favorite","slide","leaving","caught","constantly","chain","treated","blew","choose","poem","habit","think","phrase","then","pay","speech","wait","closely","cell","hard","thought","is","cloud","nine","hand","card","wall","giant","locate","unit","agree","father","no","necessary","ancient","grow","shade"
"over","motor","bone","was","fox","extra","vote","farm","wife","trunk","cry","eight","outline","bank","cow","poem","stream","connected","wore","women","play","had","sick","cabin","therefore","prevent","tell","declared","position","desert","barn","tight","word","farm","above","fix","now","dish","compare","nor","knowledge","beautiful","pictured","extra","mountain","basic","master","without","bigger","shall","edge","met","thick","single","copy","powerful","truth","view","dug","frozen","wish","pupil","lovely","center","motion","aid","front","basis","phrase","softly","excellent","ask","forgot","vertical","replied","pass","correctly","machine","cabin","knowledge","cage","knowledge","know","spend","sometime","establish","planned","remain","yard","vote","ruler","blue","social","hat","company","travel","rock","attack","simplest","hope"
"breakfast","settle","ruler","missing","lost","future","pilot","football","represent","expression","little","running","steady","fear","sure","change","born","count","here","beyond","beside","sport","particles","powerful","taken","stood","trouble","raw","offer","bowl","consider","stepped","morning","grass","enjoy","surface","bad","diameter","turn","separate","situation","thread","seeing","trap","suit","blood","tent","possibly","write","simply","entirely","clock","frozen","gently","tales","phrase","wire","away","gold","roof","behavior","highest","detail","dozen","tape","local","late","cap","ago","degree","substance","good","tomorrow","closely","rule","paint","moon","spend","pink","ability","mysterious","late","do","four","troops","over","path","differ","chosen","cell","high","happily","new","tried","product","rod","stronger","mad","source","park"
"shine","shape","happen","column","build","reader","fear","spent","thumb","are","great","inch","see","some","baseball","house","enough","understanding","degree","step","positive","bean","story","clothing","tiny","better","joy","rope","trap","heavy","bottle","dot","with","lead","throat","his","happen","mixture","field","bet","fox","buried","fear","sale","planning","value","captured","cool","could","cast","mine","stay","feed","actually","chose","couple","arrow","teach","bee","rose","rocket","realize","we","length","mix","generally","due","base","doing","dried","elephant","trip","fur","shop","four","evidence","day","while","effort","sad","nervous","flat","produce","story","order","number","score","fall","natural","wagon","captain","coach","needs","hidden","tonight","joined","height","who","managed","original"
"fine","basic","present","thick","am","guess","divide","frozen","horse","solar","ancient","softly","door","choice","turn","congress","twelve","making","pleasure","shown","feature","effect","manufacturing","second","pitch","sides","whistle","sad","diameter","recall","saw","sand","passage","strange","notice","grow","edge","flew","hospital","organization","clearly","bend","finally","mad","plant","lake","blank","together","size","year","mouth","lie","consist","anything","forget","silly","tail","worth","front","safe","definition","same","horse","fifteen","declared","previous","port","past","property","result","pretty","plus","college","example","fresh","heard","captured","bet","series","gold","lake","alphabet","whale","cause","cloud","pool","welcome","class","speed","bus","remain","syllable","someone","father","determine","exclaimed","engineer","generally","broad","maybe"
"breath","inside","limited","dust","native","highest","language","dull","floating","feel","brain","wash","slipped","evidence","beauty","dear","rose","explore","wonder","fox","drive","live","treated","light","part","range","judge","cross","island","circle","direct","least","suit","liquid","cover","off","secret","blue","us","wind","ice","clothing","stove","among","temperature","canal","wore","cloth","sick","out","lunch","memory","somebody","are","love","brain","discuss","noise","cost","adventure","sum","kept","small","firm","hung","finest","sell","among","castle","slow","opposite","kind","pattern","slight","exchange","ants","create","angry","western","process","mainly","wall","usual","explanation","raise","go","thumb","on","chart","leather","secret","progress","snake","handsome","map","powder","mirror","roll","dust","enter"
"climb","cutting","later","like","solid","before","belt","load","copper","needs","able","rain","twice","bread","sharp","limited","exclaimed","wet","moment","common","thread","congress","tongue","onlinetools","spread","tobacco","brush","studied","find","body","onlinetools","fat","merely","direct","twenty","forget","room","steel","dance","do","ahead","dance","job","war","ago","stage","palace","sweet","explanation","strip","myself","said","plastic","scale","directly","raise","further","syllable","careful","most","wish","company","nose","additional","torn","sitting","army","movement","dry","difference","color","slept","second","remove","thousand","trap","effect","moon","breathing","show","accept","speech","bee","earlier","quarter","type","meat","trap","frog","better","another","president","enough","double","mill","canal","song","wind","science","brush"
"engine","former","meant","before","rocket","including","might","variety","range","fifth","spell","forgot","rich","reader","load","broken","without","mad","instead","half","unit","shinning","natural","stand","tales","outer","three","snow","began","quietly","within","engineer","information","memory","fastened","fair","put","alone","essential","similar","fly","stove","corner","to","thrown","angry","distance","cool","split","salmon","unless","bread","pencil","possible","circus","earth","rhyme","product","roar","thank","moon","establish","plenty","account","village","education","clean","would","between","human","pride","construction","sport","burst","personal","worried","fell","although","weak","needle","further","wish","valley","coming","hello","lift","never","these","theory","alive","reason","simply","become","law","brown","mental","couple","extra","body","purple"
"do","knife","congress","till","ill","chair","road","monkey","stomach","peace","city","evidence","lying","softly","sharp","composed","correct","distant","equally","shoulder","thee","include","group","both","ball","dug","appearance","chance","sheet","doctor","everyone","whenever","fellow","fence","mine","indeed","angry","honor","tears","tank","contain","appropriate","young","people","pattern","said","below","college","exclaimed","brief","gun","usually","call","guide","condition","made","stick","general","keep","active","neighborhood","shoot","firm","supply","eleven","hung","fur","gold","standard","want","land","dropped","entirely","experiment","east","wear","better","left","classroom","vertical","happily","stiff","sand","tight","climate","port","coach","fish","sink","castle","hand","neck","hall","pupil","common","successful","mood","remarkable","pictured","chapter"
"shade","slept","south","talk","aside","moment","tears","climb","fear","open","source","egg","play","sentence","wish","broken","replied","simplest","plural","tongue","organized","garden","under","good","trouble","water","material","by","congress","accident","flame","port","after","national","circle","because","sunlight","influence","threw","noon","steam","table","seven","important","construction","imagine","actually","satellites","nothing","when","root","expect","though","aside","vast","religious","picture","numeral","improve","serious","build","age","tip","smallest","choose","cup","curve","she","species","although","long","earn","skin","airplane","court","example","fire","someone","hot","suit","this","regular","dry","mixture","tight","government","thousand","habit","fort","or","brick","satellites","treated","length","throat","phrase","bow","belt","summer","swung"
"nearly","collect","printed","characteristic","among","book","low","travel","personal","ear","supply","human","account","bat","sand","bare","selection","breeze","met","voice","hole","nest","birth","bottle","spoken","motion","long","accept","progress","rising","shoot","front","properly","shore","seen","nature","object","warm","produce","go","ants","size","was","captain","planned","else","melted","broke","coach","already","rabbit","though","major","hill","table","putting","race","firm","require","kill","disease","main","manner","flow","cause","wolf","possible","consonant","house","sport","exchange","former","wrong","trunk","use","easier","air","rhyme","phrase","breathing","drive","planned","white","partly","announced","perfectly","impossible","easily","shape","statement","verb","may","balloon","station","case","definition","account","soft","chest","once"
"suddenly","wise","becoming","funny","tight","ship","your","tone","rhythm","pile","dirty","no","certainly","give","faster","statement","charge","see","spend","chance","widely","gain","then","hand","official","imagine","rubbed","tears","mark","bee","keep","nobody","silent","tie","rays","applied","thus","port","bush","mostly","animal","bad","alike","earlier","outline","think","he","contain","desert","shade","certain","ask","main","stems","doll","exchange","thumb","struggle","pie","afternoon","year","twelve","fill","mother","drew","crack","fierce","physical","height","symbol","paint","this","powerful","mill","in","second","not","lose","winter","job","public","somebody","page","notice","soldier","region","western","represent","construction","after","disappear","perfectly","branch","stronger","does","stretch","outline","pupil","roll","space"
"manner","sort","over","none","claws","fairly","everybody","thumb","chance","known","we","constantly","valley","rod","coal","principal","fight","planned","active","believed","brush","let","use","two","appearance","wave","now","notice","replied","apple","steam","finger","went","primitive","myself","mile","usual","sat","behind","design","powerful","moon","effect","field","power","tried","slowly","globe","younger","dot","hang","mighty","arrangement","quite","mean","moon","six","aware","deep","brave","object","drop","later","determine","browserling","air","income","share","mix","sight","thus","energy","rocky","vertical","old","struggle","rose","tribe","threw","still","wall","wealth","aloud","coal","related","amount","entire","themselves","bell","new","mail","phrase","themselves","satellites","winter","dear","heard","age","break","poor"
"scale","receive","attack","story","hat","flew","sign","college","tube","thin","amount","frighten","driving","forty","bottle","sent","solid","adult","join","energy","tie","pipe","country","private","bar","thank","getting","afraid","saved","art","sign","different","lying","meant","shorter","pole","we","location","traffic","late","effort","see","dish","mysterious","swung","soap","hand","live","pine","basis","straw","nervous","personal","usually","habit","through","force","fellow","motion","age","exciting","wheel","notice","strong","fourth","variety","folks","garden","castle","war","tree","load","touch","wall","relationship","thy","everybody","every","should","grew","swept","tight","whole","owner","suit","rays","expect","color","related","face","family","drive","religious","string","fill","circus","trunk","locate","feel","make"
"percent","mark","baseball","idea","inside","give","sent","typical","function","your","scene","per","answer","prove","mark","stretch","strong","shall","person","warm","twice","tell","contain","low","main","forty","likely","purple","major","mother","private","who","cat","fell","globe","lamp","hunter","night","met","announced","success","bite","shirt","crew","brush","key","hard","park","tax","drawn","coffee","dear","certainly","influence","present","then","car","music","tiny","tone","slave","name","character","bottom","variety","clear","farmer","fifty","chicken","cutting","needed","like","labor","flies","sink","rubbed","major","club","blanket","give","across","muscle","modern","spirit","heavy","aboard","magic","lead","larger","day","beginning","compound","middle","road","police","society","belong","buffalo","castle","train"
"depth","independent","ring","its","bring","every","avoid","closely","building","found","ocean","stronger","said","bark","yellow","pride","wise","mouse","greatly","circus","loss","hang","physical","grabbed","wheel","stranger","more","wing","cowboy","whom","slave","furniture","weak","nobody","pool","verb","shut","invented","disease","flies","engine","setting","arrangement","calm","this","rule","article","nothing","limited","exchange","down","mistake","widely","television","possibly","once","include","silence","species","thrown","pitch","cheese","rays","actually","which","father","sweet","may","cool","spoken","wooden","simple","fair","meant","involved","driver","single","symbol","equally","port","suggest","grandfather","age","slide","grew","saw","promised","color","farmer","occur","picture","naturally","children","exchange","dirt","large","off","sleep","supply","physical"
"muscle","aloud","scared","empty","found","condition","girl","canal","throughout","shape","equally","charge","jump","island","wash","handle","flame","magnet","handsome","complex","pink","everybody","refer","for","continued","eleven","stove","stretch","angry","win","scale","sentence","everything","process","doll","met","curve","lamp","diagram","split","citizen","rocky","shot","brave","swing","quite","tired","adult","master","wall","slept","down","giving","school","fierce","get","rocket","thirty","possibly","fish","given","twice","particular","giant","company","made","name","bet","known","nails","bit","according","place","past","earlier","thick","strike","guess","common","birds","dull","motion","once","tin","meant","nest","atomic","easier","search","capital","during","weight","settlers","trace","chapter","farmer","suppose","chemical","declared","frozen"
"stretch","this","various","onlinetools","temperature","stand","central","appropriate","little","bow","map","sign","mouth","lay","doctor","supper","hand","show","rising","here","piece","rest","turn","respect","rock","smile","meat","wonderful","sale","getting","successful","you","find","dull","organized","police","yard","hollow","fifth","ranch","lift","pond","heart","subject","making","class","mental","lungs","belt","lack","notice","sat","refused","powder","frighten","exchange","musical","thing","nodded","atomic","image","great","young","blind","shorter","battle","weigh","lose","skin","sunlight","sick","folks","have","brief","broke","lost","stove","command","driving","couple","flat","near","nose","wing","properly","whether","writer","atomic","brother","wherever","gravity","dark","that","led","rhythm","lower","railroad","beat","cowboy","wise"
"oldest","similar","school","directly","physical","began","include","society","fire","everyone","unhappy","search","plan","through","hand","nearest","notice","knew","row","prize","unusual","grabbed","space","which","shot","took","alone","around","excitement","during","heading","sky","combination","prevent","fair","mostly","aside","herd","pie","writing","parallel","separate","clothes","wall","anybody","smallest","city","impossible","drop","score","western","remove","invented","satisfied","dinner","suit","information","smell","met","radio","offer","control","act","occasionally","arrow","town","station","fewer","sugar","softly","useful","likely","sign","should","state","factory","package","church","nearest","split","massage","arrive","two","thirty","smoke","browserling","forward","born","cut","laid","left","hide","doing","needed","real","sort","activity","anyway","judge","mouse"
"private","process","captain","straw","specific","alone","rope","boat","back","mile","green","energy","contrast","rising","difficult","mass","depth","heart","change","gentle","name","native","extra","wagon","setting","bit","bat","cent","porch","have","outside","bow","pool","parts","musical","exciting","nest","science","scale","driven","grain","largest","pair","task","writing","ground","friend","main","correctly","whistle","flat","dozen","lips","hay","fairly","came","climate","wonderful","type","contrast","sang","form","write","massage","classroom","carry","zero","dried","probably","process","honor","particular","labor","early","pour","sharp","food","explain","empty","progress","diagram","card","smile","verb","lovely","yellow","forget","remove","stranger","scientist","school","trip","larger","chose","inch","audience","meet","forest","paragraph","dress"
"die","molecular","hour","alphabet","anyone","brief","why","world","figure","gather","thrown","monkey","drink","related","anyway","crop","somebody","heart","race","master","good","should","leaving","did","silly","special","farm","nearly","accurate","badly","hurried","vessels","vowel","what","train","purpose","also","fear","go","provide","dawn","exciting","belt","road","differ","replace","apartment","sign","directly","fifth","sum","quick","than","object","yard","box","gently","final","constantly","method","once","medicine","long","opposite","symbol","tent","group","treated","shells","same","object","rear","bow","gain","allow","private","equator","stage","term","pictured","baseball","made","actually","thing","out","needed","rate","home","alphabet","possible","burst","various","his","spring","examine","film","visitor","night","beginning","explore"
"dawn","soft","differ","youth","other","whenever","division","importance","meal","create","according","accurate","gas","necessary","handle","dry","pole","went","powerful","character","poet","lamp","else","fill","easy","underline","stay","steady","trace","value","foot","with","itself","immediately","map","cannot","thumb","family","sometime","pure","tongue","plenty","might","future","throughout","officer","carry","swim","tribe","many","collect","work","column","hearing","every","needs","plan","engineer","practical","sold","pan","owner","upon","thumb","noun","death","subject","which","tropical","cattle","five","solar","branch","look","continued","hide","voice","circle","table","fallen","stock","seen","prize","buffalo","cowboy","officer","teach","anyway","won","space","shut","ten","crack","frequently","enter","physical","tightly","money","pleasant","rubber"
"gain","design","your","plane","corner","complex","anywhere","prize","thick","down","consist","keep","pie","none","escape","pound","tie","syllable","someone","lucky","three","prize","forty","away","form","threw","snow","doll","teeth","parts","guide","tomorrow","flies","drop","ocean","can","variety","frog","knowledge","toy","officer","drove","thirty","declared","swung","introduced","changing","everybody","leg","flew","sure","leave","wall","throat","combination","eleven","nervous","tomorrow","behind","inside","kept","easily","principle","apartment","cloth","secret","flies","courage","accurate","orbit","whenever","vessels","change","wet","string","physical","automobile","evening","society","shall","husband","degree","hole","space","copper","golden","stop","force","advice","suggest","gulf","had","huge","root","forth","surface","activity","difficulty","women","fifty"
"pretty","ancient","scale","weight","prize","smell","mud","blew","everything","press","broke","careful","tiny","cabin","choose","meat","effort","pair","smoke","unhappy","number","remove","just","swing","gravity","earth","gray","someone","pride","escape","island","previous","scale","rain","why","grass","wear","electricity","thou","extra","sound","nodded","point","corner","syllable","passage","check","dry","check","trick","statement","band","main","lungs","cowboy","tax","tube","poor","key","me","too","so","without","tears","tobacco","wait","took","gather","walk","pressure","glad","suggest","particularly","shout","short","dream","invented","neck","handle","town","notice","yourself","valley","change","due","fun","heat","lie","pick","expect","part","importance","thrown","can","success","develop","crack","knife","indicate","many"
"realize","physical","among","pack","native","aside","remove","visit","herd","rabbit","introduced","threw","join","tried","good","fat","apple","mother","lead","pretty","ranch","everyone","eaten","men","speed","theory","remain","browserling","broad","kids","having","same","upward","studied","run","acres","fierce","trunk","new","older","pleasant","say","mile","themselves","women","still","discuss","seen","taught","suggest","read","lamp","teach","spent","children","angry","rhythm","pack","limited","explain","gradually","doll","back","willing","vessels","shells","noted","toy","pick","bear","dull","captured","think","mean","leave","tape","am","sitting","maybe","stairs","though","within","station","sometime","possibly","dear","origin","blanket","name","smoke","freedom","related","third","trace","wear","hollow","managed","tape","crew","taste"
"perhaps","mother","border","elephant","feel","breakfast","highway","include","fought","industrial","are","hardly","warn","elephant","valuable","share","nature","four","part","creature","tightly","open","arrow","diagram","mostly","sell","fight","every","beyond","highway","write","behavior","deeply","shirt","difficulty","floating","father","able","dozen","football","now","available","halfway","seat","older","single","object","smoke","explanation","development","part","flower","one","tin","yet","threw","mail","attached","outer","stomach","saved","least","brush","introduced","different","difficult","every","every","probably","highway","instead","movie","art","proud","larger","mood","shown","wing","hungry","rise","orbit","try","explore","walk","whether","pitch","cut","ever","science","who","skin","lack","property","finally","wrapped","worry","uncle","log","into","tales"
"provide","that","clothes","pocket","blow","worried","package","similar","spider","rose","food","paragraph","knowledge","part","wolf","full","got","away","guess","ship","shot","dull","rapidly","can","deer","chamber","although","drawn","tool","vowel","page","street","sail","back","came","belong","far","meet","policeman","age","far","lucky","wash","mill","pink","birthday","prove","correctly","we","taste","those","highest","experience","important","around","weather","ice","similar","carry","shop","freedom","level","identity","spend","due","comfortable","corn","social","compare","given","them","led","voyage","without","sugar","fighting","including","tongue","meal","only","law","weather","correct","giant","too","bread","yet","branch","choice","too","dig","vegetable","naturally","cast","sent","knew","southern","by","series","plant"
"attached","daily","discuss","harder","once","onto","circle","could","slept","ride","lose","wood","change","human","between","upper","necessary","most","spoken","higher","tail","sink","unknown","gradually","barn","therefore","still","prize","cotton","symbol","far","connected","circus","park","whistle","born","chicken","empty","previous","if","forgot","write","talk","smile","final","person","root","cloth","dollar","repeat","read","driven","lack","flies","but","river","remove","lion","coffee","whispered","its","habit","brief","lungs","range","actually","written","torn","safe","while","mice","think","work","half","sea","enter","vegetable","equal","his","angle","shallow","each","voice","adventure","body","morning","pure","wrapped","shore","stone","hung","heart","language","route","neck","mouth","favorite","number","victory","including"
"according","solid","mail","treated","will","change","function","effort","still","laid","orbit","will","course","gold","glad","out","eventually","basic","everything","star","smooth","snake","per","temperature","easy","parent","put","however","circus","wood","on","crack","west","outer","low","two","blind","barn","naturally","gone","people","jack","is","was","copy","laugh","do","them","then","sugar","occasionally","jar","traffic","experience","differ","bottle","quick","same","student","now","progress","clean","bone","fastened","eleven","explanation","frighten","necessary","result","cream","bone","finally","public","giving","before","standard","ship","balance","effect","depth","lie","eleven","silent","warn","cost","prevent","union","usual","date","tight","degree","stay","iron","motor","beginning","appropriate","sure","base","hair","income"
"recent","hungry","quiet","round","victory","start","stranger","nervous","out","porch","yard","brush","author","favorite","dog","smallest","hill","brick","beyond","wing","father","adult","suit","motor","each","symbol","grandfather","create","fur","ate","ride","fourth","number","mark","including","grain","on","worth","merely","tune","fog","package","lamp","nuts","clothes","forgot","corn","doll","river","regular","last","minerals","nine","dear","reach","motion","valley","bet","youth","write","pilot","order","motor","medicine","meant","slept","along","various","rocky","rest","move","terrible","pony","water","tonight","difference","round","instrument","oxygen","throat","wet","labor","then","material","hope","fill","block","year","coffee","frighten","soft","is","dug","pictured","industry","young","leader","grown","represent","country"
"basis","parallel","increase","related","told","officer","color","final","whose","rubber","strange","suddenly","exactly","who","hole","structure","yet","became","behavior","lose","snow","silver","another","worry","enter","low","master","engineer","plastic","blank","mighty","bad","dirt","observe","paper","chamber","rays","increase","black","solution","south","period","expression","open","driven","not","widely","receive","grown","fight","blank","growth","safety","fresh","medicine","form","model","tired","fifth","fast","division","improve","service","whenever","skin","seldom","special","maybe","tears","deer","myself","powerful","cut","positive","duty","saw","solution","surprise","slip","unusual","base","concerned","worry","adventure","ate","post","escape","broken","else","sound","bend","pool","minute","solid","tongue","explore","exchange","sun","nine","sides"
"sets","palace","stood","money","win","means","usual","connected","stand","likely","dug","accurate","beauty","doll","corner","soil","glass","dot","your","silver","gave","ocean","some","sea","baby","chicken","improve","nature","equally","count","help","take","type","thy","read","grown","met","exist","fix","sick","shop","empty","farther","clothing","exercise","swing","fed","seldom","freedom","board","worse","stomach","strange","music","shine","bridge","observe","decide","entire","pet","though","tool","loud","carefully","stop","in","late","slept","drove","if","baby","grain","help","everyone","complete","money","still","current","circle","love","breathe","manufacturing","canal","simplest","take","laid","separate","including","nose","biggest","newspaper","point","youth","play","introduced","verb","chain","four","caught","knife"
"organized","below","atmosphere","everyone","shadow","avoid","nervous","deeply","grandmother","sold","sure","surprise","pull","dirt","musical","very","baseball","business","fine","current","hospital","duck","shade","introduced","owner","particularly","weak","roof","left","molecular","grow","grandfather","copper","who","happily","large","swept","kill","silver","death","able","definition","amount","complete","being","nearly","halfway","or","must","winter","ants","species","describe","particles","up","orbit","of","swim","guide","rope","favorite","surrounded","told","figure","exactly","represent","service","grass","slip","musical","kept","apartment","quietly","wrote","fifth","blanket","ring","changing","built","twelve","excitement","rough","widely","age","company","lay","movement","cowboy","change","cold","record","bark","cross","please","door","barn","stretch","wet","health","sheep"
"dug","outer","doll","leave","break","difficulty","entirely","hundred","instrument","thirty","getting","decide","aware","movement","wool","pile","lose","ready","spirit","for","little","badly","human","imagine","another","author","he","luck","seldom","extra","sense","island","molecular","orbit","frozen","produce","pink","were","harder","number","part","terrible","hidden","none","these","slave","border","situation","independent","scale","drawn","faster","shoe","believed","view","tired","gravity","chicken","daughter","top","best","wool","correctly","zoo","shall","give","elephant","thee","raise","brush","earth","take","your","worse","book","shelf","expect","tree","until","choose","gulf","cook","sets","step","extra","grabbed","factor","rose","spin","desk","chief","social","simplest","bare","using","breath","report","drawn","salmon","brain"
"cap","dozen","thou","skin","ourselves","took","leader","exercise","west","music","pictured","board","plural","stop","peace","shut","until","compass","creature","swim","broken","possibly","enemy","does","faster","bicycle","central","recognize","save","acres","equator","doubt","team","horn","whenever","jump","damage","potatoes","modern","escape","our","hour","even","class","seeing","atmosphere","onlinetools","wet","subject","jump","border","instrument","silent","leaf","order","through","it","sometime","lose","policeman","ring","source","wrapped","path","beat","studying","ahead","instance","effort","finest","usual","additional","branch","got","flew","contrast","bark","hold","ancient","beyond","larger","active","breath","member","particular","powder","tail","song","something","tree","noise","handsome","equator","farm","strike","motion","south","swimming","has","remarkable"
"personal","world","attempt","getting","listen","fought","roof","cheese","smaller","meet","milk","red","cup","element","station","worry","discuss","around","calm","day","shake","worried","hair","scientific","not","sometime","remember","constantly","afraid","pet","compound","heavy","empty","flower","certain","available","swung","easier","test","fought","diagram","did","longer","success","gradually","burn","full","add","similar","fight","stepped","widely","room","zoo","breeze","gasoline","hospital","slight","year","disease","smile","organized","city","large","poor","chair","also","whistle","felt","composed","source","tribe","serious","wagon","heat","baseball","army","owner","blank","doubt","cotton","strong","health","rocky","tall","anybody","club","happened","carry","tool","breathe","adjective","related","congress","student","rocket","line","collect","mile","aboard"
"quickly","hard","rays","bush","without","combine","term","usually","us","battle","halfway","sick","coach","worth","stranger","standard","cowboy","especially","hay","sat","egg","shade","apple","previous","late","split","customs","behavior","wherever","sure","difficulty","chosen","let","speed","fifty","in","thy","saddle","fight","those","pressure","sign","kind","disease","swung","pictured","suit","native","syllable","trick","golden","far","consist","exist","greatly","range","ask","throughout","lonely","pile","yet","grandmother","replace","thing","pale","goes","closer","friend","beauty","cross","nails","wooden","trace","rocky","vessels","leave","determine","service","source","course","block","bean","stone","desk","neighborhood","missing","danger","family","leaving","one","stage","constantly","cow","life","next","cowboy","first","lack","dish","forget"
"limited","gift","anyway","special","safe","when","magic","congress","fast","rather","shall","statement","fairly","temperature","service","given","watch","discovery","ride","satellites","mail","principle","suggest","struggle","grass","flame","large","worth","smallest","green","wool","claws","society","cost","again","saved","push","surprise","roof","shot","farther","composition","driving","around","newspaper","both","owner","river","offer","sight","you","quite","public","story","third","having","palace","success","baseball","slightly","joy","nine","white","mine","rod","done","she","order","may","progress","individual","pie","home","sight","did","everywhere","signal","depth","seed","sold","symbol","log","will","push","town","height","task","teacher","mind","fear","official","silence","wheat","garage","property","badly","listen","mine","unknown","sister"
"yellow","along","scared","positive","father","explanation","seat","fifth","camp","dirt","walk","accident","married","border","spite","told","fight","road","little","nine","nodded","previous","division","fine","log","our","none","planet","population","laid","typical","automobile","some","pictured","weight","nest","wall","settlers","wrote","soft","sunlight","personal","card","judge","material","lamp","avoid","raw","worry","everybody","change","cent","stepped","nation","break","chosen","planning","among","taught","manner","familiar","is","weather","helpful","thumb","stuck","ahead","shaking","start","drink","break","copy","central","police","actual","weigh","wore","send","discussion","nails","brave","broken","fifty","correct","addition","applied","consonant","serious","appropriate","film","distant","push","face","half","cross","changing","research","must","rubber","realize"
"city","forgot","list","period","chief","variety","finest","likely","machine","aside","alone","scale","direction","valuable","fly","suddenly","especially","band","friendly","biggest","found","tired","daughter","visit","sweet","doll","itself","sweet","dream","understanding","store","provide","piano","compass","heat","face","individual","lift","cotton","stairs","trace","inside","mine","fourth","gun","road","shoulder","learn","brief","further","large","quite","bus","diameter","progress","rapidly","go","go","seat","mainly","car","make","correct","blood","appropriate","seeing","country","opposite","range","was","him","curious","imagine","harbor","age","music","ride","suddenly","desert","fix","hurry","equator","everybody","goose","station","shinning","root","railroad","carry","hit","correctly","riding","city","solution","any","yesterday","society","nest","motor","rod"
"village","seen","quarter","capital","written","coat","nine","command","distance","whispered","eight","sport","dirty","division","almost","behind","recently","planned","setting","half","onto","dress","knife","except","sold","green","already","dark","throat","sunlight","level","trip","has","grown","believed","spread","standard","rough","pupil","pond","trunk","actually","brass","fellow","lay","job","report","mile","useful","chamber","member","fourth","announced","stretch","me","jump","shop","log","massage","under","herd","ice","shout","weak","route","elephant","hay","drew","garden","solution","oldest","angry","silver","warn","difference","particular","hope","particularly","city","newspaper","health","smoke","distant","measure","so","fort","person","engineer","eye","stone","basic","heat","additional","flow","stone","examine","breath","exclaimed","birthday","pleasant"
"control","route","canal","realize","excitement","thou","completely","pony","available","classroom","basic","stiff","positive","universe","scene","motion","vast","rule","felt","energy","she","image","stove","walk","addition","feet","poetry","location","mix","high","yourself","pool","eight","gone","bat","official","cake","larger","who","went","military","dish","parallel","lungs","hole","mountain","aside","white","bit","least","party","hour","ability","somehow","bush","bite","leaf","belong","chain","men","enemy","couple","tip","round","pale","gave","surprise","hollow","meet","hang","scientist","pond","mass","rose","men","hat","enough","speak","else","major","announced","orbit","somebody","including","wrote","path","discover","lay","whenever","want","speed","married","work","acres","saved","ride","shoot","movie","doctor","famous"
"inch","tell","short","slightly","sit","means","white","accurate","progress","easy","third","name","fear","correct","or","kind","finish","dig","offer","open","ahead","shadow","negative","trunk","bright","gave","variety","knew","help","rest","pocket","mouse","song","include","problem","research","crew","house","toy","call","iron","adjective","talk","rays","title","sea","grown","differ","cotton","give","look","strength","began","coat","word","store","by","think","mad","dot","member","silent","manner","silly","began","hour","old","happily","such","since","decide","dark","taste","breathing","this","finish","shelf","nodded","useful","death","science","bush","garage","railroad","evidence","magic","breakfast","stop","feed","curious","pure","lying","whom","breakfast","adventure","evidence","pond","anywhere","queen","observe"
"appearance","rocky","charge","duty","muscle","where","together","come","harder","properly","extra","shelf","round","donkey","region","born","somehow","order","tape","went","creature","valuable","at","closely","cotton","mouse","combination","square","call","vessels","policeman","system","curious","series","we","early","silk","firm","ten","best","decide","shot","many","dear","ice","property","whose","charge","appearance","last","greatly","constantly","low","title","choose","house","car","equipment","scene","town","layers","recognize","frog","furniture","essential","duty","acres","perfectly","location","rest","birds","else","band","officer","or","poetry","shelf","hollow","husband","hunter","time","house","wait","frog","coal","upward","forward","planned","blind","throughout","supper","source","pay","safe","beat","occur","vowel","hat","throw","drop"
"up","winter","shoe","from","condition","operation","baseball","took","angry","treated","bread","fear","means","disease","driven","stock","hour","mirror","orange","plastic","breath","struggle","prove","merely","written","toward","feathers","newspaper","talk","been","race","mouth","ate","wild","badly","knew","base","cup","therefore","dawn","realize","force","wife","children","practical","capital","hello","shadow","becoming","fireplace","trick","furniture","call","strong","word","massage","harbor","sent","least","horn","industry","proud","pencil","beginning","lot","pure","of","family","chance","roar","later","rubber","similar","farther","drew","became","expression","melted","position","wife","explore","taste","quietly","seeing","when","magnet","accident","worker","coffee","frighten","hospital","president","bend","watch","limited","far","standard","steel","avoid","shade"
"popular","mental","struggle","effect","sharp","whispered","general","go","failed","bell","beautiful","capital","act","slowly","person","goose","fireplace","special","everywhere","week","further","camp","over","step","fourth","compound","colony","daily","queen","opposite","important","buffalo","strike","studying","fly","recall","entirely","station","tree","worse","crowd","grade","excited","second","given","method","stock","train","shaking","action","vegetable","author","forth","time","year","belong","slide","barn","tried","too","particles","fallen","situation","produce","seat","over","hard","clothing","another","anything","characteristic","use","her","press","visit","front","by","value","hang","surface","wife","wish","stop","carbon","tune","clearly","salt","science","cut","complete","favorite","around","enough","figure","ordinary","each","liquid","roar","fuel","prove"
"feature","joined","pull","accurate","signal","produce","appearance","pole","community","carried","fresh","tip","rays","led","you","pencil","clear","matter","fourth","stand","important","crowd","quickly","child","generally","few","weather","leaf","dirt","week","damage","high","herd","pain","sudden","coffee","grandmother","then","month","copy","bank","greater","melted","cut","by","essential","personal","would","discussion","brought","pencil","captured","pale","lips","cook","value","grabbed","western","lower","settle","rock","substance","fully","money","second","slope","rule","plus","thread","policeman","soldier","spider","escape","division","outline","plane","hurt","victory","father","end","composed","location","view","charge","wire","apart","mile","positive","reach","film","tin","difficulty","guard","balloon","winter","middle","off","musical","fort","know"
"decide","nails","thought","bare","hang","slight","growth","discussion","show","use","finish","mistake","valuable","shot","color","possibly","mix","had","zero","studying","species","aside","question","activity","brief","driven","drove","view","milk","late","thank","opportunity","have","factory","shop","short","feathers","possible","square","browserling","move","replied","planning","raw","wrapped","job","third","hunter","class","clear","gas","captain","bee","rice","failed","please","moment","base","crop","huge","till","pocket","blew","arrangement","bar","pull","highway","lady","minerals","stomach","softly","throat","passage","development","environment","writer","fallen","transportation","most","new","grown","production","only","stay","ran","thirty","goes","wolf","smoke","sea","swam","serve","wherever","per","member","one","include","declared","generally","hand"
"morning","brave","tea","shirt","quick","bright","to","just","donkey","cause","rain","yes","push","which","month","path","evidence","frozen","with","cannot","high","trade","thrown","tall","fifteen","spell","applied","examine","settle","ask","burst","event","rising","bow","loose","face","fun","start","main","electric","me","pet","birds","or","soldier","stiff","part","fill","moon","interior","wealth","tell","former","cat","bigger","soap","fell","disease","stomach","using","pig","wash","clear","owner","taste","rough","finish","within","paid","road","giant","nest","steel","gift","silk","castle","energy","nation","mile","language","dish","sort","sight","someone","count","stage","gas","such","inside","rate","that","honor","interior","appropriate","pond","though","adjective","push","mice","wild"
"river","back","back","queen","melted","loud","combination","baby","cost","gas","crowd","cap","activity","threw","greatest","level","advice","instant","invented","variety","pool","grade","down","ten","score","use","man","opportunity","fought","rough","my","radio","none","liquid","care","horn","model","beside","well","jar","willing","mirror","still","second","treated","compound","sand","coal","scared","maybe","sell","upward","facing","brave","visit","settle","most","tobacco","decide","donkey","point","discussion","silver","bank","chief","tears","increase","certainly","egg","experience","exclaimed","floating","necessary","third","married","care","science","further","hot","herd","this","spread","something","stopped","ground","famous","small","opportunity","school","region","describe","bend","quickly","adult","desert","dot","dawn","goes","drawn","familiar"
"city","trip","gift","steam","taught","manner","audience","table","like","had","plane","own","cool","machinery","wash","use","once","extra","quietly","warm","involved","wheel","fence","third","throughout","yesterday","consonant","rocket","leaf","meet","push","mile","arrange","rose","consider","master","know","mass","soil","school","visitor","account","citizen","original","zero","tightly","thank","tell","rule","sharp","buffalo","mission","daily","funny","together","gently","around","week","unknown","popular","danger","terrible","steady","height","silence","plastic","fine","chart","anyway","pride","judge","wise","along","fellow","club","crew","cave","chamber","fat","twenty","hang","keep","southern","president","sink","ancient","bowl","particularly","process","desert","club","knife","identity","whale","honor","syllable","taste","sell","river","because"
"parent","control","clearly","unit","yellow","bat","perfect","nearer","is","tin","spell","phrase","therefore","troops","train","rich","closer","recent","invented","mark","poor","street","factor","electric","let","dirty","exchange","poet","perfect","wool","shaking","climb","review","wash","gift","plural","root","failed","oxygen","stomach","flew","sum","cut","whether","seen","through","traffic","guess","lungs","salmon","thumb","muscle","like","cannot","examine","slabs","combination","pressure","difference","browserling","spell","bridge","suppose","division","cost","unhappy","either","loud","gain","clean","route","electricity","dug","bridge","be","pupil","him","nobody","therefore","twenty","throat","broad","might","station","clear","meant","market","cave","neighbor","written","park","brown","thirty","sense","job","straw","major","south","regular","empty"
"fall","camera","blew","receive","figure","paper","unknown","printed","wooden","he","fell","paragraph","desert","continent","create","spell","anyone","organization","copper","broken","upon","lunch","material","muscle","speech","price","climb","discussion","women","doctor","gasoline","steady","my","hang","captain","happen","mistake","calm","cannot","sick","electricity","combine","greater","balloon","hole","nodded","length","are","electric","money","lesson","first","origin","am","program","poor","cat","climate","allow","interior","strength","printed","flew","pitch","satellites","fireplace","spider","sharp","family","factor","material","statement","station","tongue","frequently","rise","tiny","until","production","introduced","mix","muscle","running","studying","origin","pure","simplest","mood","party","pictured","generally","laid","upon","however","entire","plenty","mental","driving","wild","earlier"
"plane","follow","calm","further","search","aware","clear","organization","dig","part","sentence","shelter","rough","work","supper","duck","third","aboard","luck","parent","fair","military","chief","naturally","son","gold","white","different","coming","rest","writer","impossible","walk","differ","wild","sight","sign","indeed","surface","direction","daughter","harder","public","dust","natural","movie","gravity","occur","primitive","surface","rubbed","roar","key","saved","load","fewer","southern","balloon","bright","perfect","could","over","lift","screen","foreign","therefore","relationship","build","series","effect","sets","spoken","meat","shoulder","bread","suggest","garage","feed","slope","pale","doubt","able","essential","was","now","else","breathing","using","base","lower","kill","silly","instrument","noise","tune","careful","duty","feel","poetry","involved"
"might","solution","silent","alike","bowl","variety","realize","kept","appearance","support","problem","solar","inch","husband","ship","applied","whom","smaller","particles","pipe","twelve","rubber","dollar","shelter","queen","vessels","organization","these","go","husband","object","day","dug","private","long","hungry","are","raw","bag","volume","act","view","gulf","struck","triangle","gift","ruler","natural","route","married","using","rubbed","traffic","plant","mostly","grade","luck","remain","truth","gain","blew","enjoy","radio","hay","stiff","gasoline","income","explanation","cool","region","moment","soap","shinning","evidence","dirty","curious","wonder","alphabet","signal","work","clothing","primitive","curve","loud","deal","experience","warn","society","note","flies","structure","drove","gift","where","thou","truth","half","easier","fight","threw"
"piano","tin","thus","certain","visit","willing","but","also","bite","red","community","softly","fierce","terrible","vapor","saw","account","seat","worth","film","future","develop","syllable","drew","shake","activity","recognize","produce","because","sight","regular","larger","blew","replied","chosen","outer","getting","grain","silver","this","scientific","forgot","parent","influence","sides","writing","burst","worth","if","shot","refer","map","interior","farmer","negative","give","tongue","recent","master","cow","friendly","label","near","stop","supply","belong","box","fifth","arrow","receive","low","forest","tears","basket","missing","separate","part","variety","still","depend","pipe","cave","hope","wrote","stiff","bone","mice","forget","memory","amount","basis","massage","might","asleep","spite","bee","could","nice","angle","magnet"
"oxygen","his","bent","nuts","using","she","trouble","dinner","happened","wife","river","verb","army","fat","classroom","say","minerals","design","never","equal","moment","fairly","minute","told","driver","period","former","property","heavy","drove","method","mud","now","visit","four","stretch","art","brought","get","outer","slope","pretty","income","desert","twenty","same","deal","lady","night","spent","continent","doubt","oxygen","wealth","bet","laid","open","badly","canal","positive","brass","equally","scientific","thick","hunt","throat","terrible","previous","his","book","apple","might","foreign","sand","trace","verb","gone","practice","fruit","bigger","idea","has","exciting","play","end","whale","directly","put","but","raise","range","factory","outer","work","roof","talk","among","construction","seldom","rich"
"easy","contain","differ","possibly","gulf","income","book","nuts","led","flew","everything","mood","refer","tall","fireplace","for","magic","appropriate","column","are","modern","stock","before","tent","discussion","pack","voice","fly","grabbed","this","pony","second","telephone","mixture","written","till","arrange","drive","local","purple","garage","badly","saddle","law","port","together","skin","body","seat","forgot","third","expression","pick","light","depth","imagine","progress","colony","eager","ball","difficulty","happened","window","blood","sugar","aid","ahead","lungs","labor","grade","pie","warn","complex","watch","call","thy","wolf","discuss","place","write","spirit","terrible","pen","born","become","however","serve","west","below","seed","uncle","provide","doubt","themselves","snow","follow","laid","thou","important","blood"
"charge","except","treated","dug","doll","heard","student","seat","sport","itself","compass","arrow","year","believed","direct","plastic","report","proud","mathematics","pig","magnet","major","child","neighborhood","properly","hand","balance","exact","environment","row","great","however","bow","pitch","fireplace","breath","report","circle","current","sheep","importance","ancient","could","instance","safety","dry","doubt","announced","later","toy","shown","stove","buried","helpful","original","children","ring","notice","eleven","salmon","trick","identity","badly","having","man","anything","cowboy","yesterday","matter","sky","current","half","cloth","length","twice","this","shake","route","whispered","safety","forget","mail","work","great","bigger","go","palace","expect","church","wait","beginning","which","meat","listen","clock","raise","compass","life","satisfied","television"
"method","without","water","mistake","take","higher","something","yes","cross","title","coast","egg","whale","ranch","wait","month","cake","event","plates","own","diameter","grabbed","automobile","square","flight","railroad","put","card","basis","feet","catch","wet","forty","stuck","sweet","lower","pony","good","where","leave","musical","country","dream","everyone","eager","stared","else","over","car","instant","also","handsome","running","thread","ever","move","plate","tea","folks","safe","ancient","terrible","swimming","sugar","anything","tired","accident","supper","flies","whose","sound","onlinetools","tail","supply","replace","air","reader","tree","right","victory","climb","hospital","pack","scared","column","high","composition","sell","spin","leader","dropped","crack","twenty","seeing","business","became","cloud","stopped","track","eventually"
"distant","ourselves","rise","instead","continent","scene","attention","essential","summer","basic","lady","bee","directly","sometime","standard","board","raw","bend","finest","island","pipe","nature","depend","sky","shoe","damage","again","fill","avoid","temperature","perhaps","truck","mysterious","practice","come","fill","branch","develop","liquid","sky","explore","he","separate","flies","kill","short","no","apple","count","diameter","breathing","income","rich","lack","layers","top","identity","master","separate","these","learn","ask","thy","watch","thank","physical","spring","front","likely","desert","actually","moment","empty","television","slipped","beginning","getting","club","local","lamp","reach","man","half","vegetable","twice","newspaper","useful","apart","gather","theory","angle","circle","importance","owner","ants","promised","recent","pilot","oil","meant"
"citizen","two","grow","evidence","bent","jack","drive","bring","hour","boy","whistle","needs","garden","tears","larger","student","nine","fought","noon","pretty","basic","bit","explain","dropped","toward","lion","beyond","snake","made","regular","talk","piece","storm","taken","blow","happen","flow","must","street","wise","tribe","trace","hope","circle","area","influence","room","spring","constantly","mile","rest","court","apart","station","yourself","shown","poet","pack","four","support","topic","subject","sing","basic","easily","liquid","sharp","keep","pupil","wash","captain","atom","fourth","men","spent","greatly","seed","rough","fear","merely","central","definition","sentence","carefully","putting","simple","construction","central","call","sold","captain","driven","throughout","herself","mind","already","stretch","largest","missing","search"
"soil","movement","held","everybody","safety","music","bend","hundred","tiny","outside","captured","difficulty","bark","help","jungle","planning","longer","alone","movie","completely","church","hill","golden","wrapped","total","canal","principle","evening","supply","lunch","construction","club","sun","such","chamber","combine","know","spell","themselves","poem","instant","member","belong","first","alphabet","led","condition","especially","speed","goose","strike","key","subject","turn","voyage","exactly","later","poem","theory","excitement","nose","ranch","stiff","fifty","alive","famous","kitchen","course","fresh","ocean","upper","outline","trouble","spin","continent","force","your","stove","suggest","pile","flat","order","exactly","laid","surprise","lay","toy","official","grade","complete","energy","plate","extra","duty","magic","tried","some","tell","detail","bank"
"people","depth","camp","milk","letter","body","action","stand","thumb","of","knife","mouth","evidence","worse","design","doctor","education","huge","organization","serve","bigger","nice","passage","baseball","smooth","fill","anything","origin","eager","dried","tightly","position","nation","sharp","pupil","opinion","tide","primitive","clay","ring","specific","spoken","level","practice","cage","occasionally","closer","solar","butter","paper","swimming","heard","worker","social","pot","record","previous","gray","western","birds","story","vapor","afraid","winter","age","bet","hungry","jack","rather","guard","lucky","south","central","nodded","willing","wood","column","who","dirt","respect","rice","force","work","thy","local","musical","location","explanation","anyone","grandfather","position","putting","morning","went","political","told","diagram","got","music","bus"
"greatly","shape","equator","company","vessels","fall","rubber","either","surrounded","brave","left","plane","fish","show","greatly","telephone","golden","nearest","brass","bring","safe","smaller","likely","no","basic","fourth","any","tin","composition","settlers","mighty","continued","smoke","vowel","riding","pale","distance","skin","explanation","customs","season","ate","beginning","rather","prepare","rock","stick","outline","belong","deeply","fur","tape","salt","population","include","pressure","brown","angry","jungle","successful","jump","earn","shore","fun","layers","built","sight","slept","least","tape","ball","very","lunch","already","pink","immediately","suggest","burst","film","square","gate","outside","dance","these","pocket","simplest","bowl","dear","everything","join","right","slide","pack","top","beauty","escape","heart","gray","warm","fast"
"group","hope","lift","driver","flower","full","period","religious","stepped","fear","pay","printed","boat","examine","gold","atmosphere","am","habit","of","pole","plane","traffic","himself","zoo","select","let","half","especially","seed","several","principal","been","coat","shape","birds","thy","branch","strong","agree","because","eight","alike","vote","vessels","fuel","black","first","salt","block","go","grow","film","danger","hidden","harbor","local","value","son","combine","sound","myself","green","hall","pattern","leather","lack","fill","silence","series","surrounded","service","tune","felt","breathe","police","fur","constantly","daughter","social","sold","electricity","worse","wrote","dish","book","lay","attack","congress","term","garden","bright","distance","little","thing","forest","brother","studying","sale","age","speech"
"announced","shinning","fly","completely","old","needs","apart","label","fallen","must","clear","imagine","southern","key","mostly","slight","wait","tell","dust","blind","color","political","pony","fear","who","musical","shot","seed","wild","could","rubber","pony","term","building","part","house","inside","monkey","hunt","specific","parent","heading","branch","rabbit","pet","usual","sail","soon","attempt","running","refused","amount","dear","combination","anyway","clothes","cut","rapidly","sudden","type","double","directly","smoke","crack","serve","arrange","mile","drew","recent","control","kept","anybody","due","word","season","identity","wet","compare","win","inside","ocean","angry","clear","price","fast","strong","scale","applied","natural","chose","no","queen","higher","fell","page","been","involved","union","plan","imagine"
"he","after","universe","directly","live","race","note","location","promised","forgotten","between","able","each","browserling","influence","truck","since","track","keep","cloud","aware","post","guess","above","how","evening","bound","dear","shelf","relationship","riding","solar","screen","fort","experience","clean","horn","dish","shake","fresh","silly","smile","class","sheep","deal","mean","aid","bet","theory","look","sang","has","orange","one","gray","account","pet","bean","bridge","necessary","barn","trail","thing","country","roof","reason","brave","industry","sweet","unknown","certainly","tie","laugh","southern","should","decide","actual","clock","conversation","suggest","door","official","term","when","entire","audience","pig","crack","pleasure","south","beyond","gently","us","police","bet","follow","tube","middle","remember","busy"
"open","reader","hide","studied","note","picture","brought","noise","lungs","carry","glad","therefore","amount","castle","beginning","additional","vowel","type","against","sugar","terrible","deer","quite","official","several","wet","myself","yellow","missing","tears","musical","freedom","port","on","browserling","coming","pipe","cast","doctor","once","kind","paper","speak","dropped","father","great","empty","toy","gulf","world","might","sign","east","fed","fewer","bag","fed","accurate","anything","while","softly","teach","which","silk","pine","end","customs","trouble","badly","quite","fallen","bound","directly","straight","world","declared","satellites","flag","club","shut","already","having","prepare","element","noted","tonight","cabin","youth","speed","year","could","on","quietly","national","willing","movie","none","rather","thick","track"
"search","needs","treated","suit","dish","related","doll","teeth","hardly","doubt","enjoy","see","connected","limited","customs","hand","eye","either","transportation","plate","breathe","quarter","tiny","gain","rear","fuel","locate","silver","fat","watch","face","press","pair","victory","beginning","yourself","blanket","thrown","forgot","said","volume","certain","copper","luck","gone","moment","summer","according","lost","today","leave","post","little","officer","choose","white","suppose","usual","queen","ought","compare","wonderful","water","doctor","border","health","shape","softly","wrong","crack","origin","mainly","desk","traffic","again","while","felt","black","yellow","gravity","just","winter","driver","cell","lay","occur","furniture","courage","opportunity","spoken","nearly","cell","allow","education","valley","book","struggle","until","native","sheet"
"practical","differ","not","them","slide","establish","won","adjective","move","court","correct","car","make","buried","fight","pack","teeth","production","pattern","anyone","look","create","thin","difficult","wall","victory","useful","fastened","having","still","fireplace","certain","grabbed","safe","neighborhood","may","road","individual","nails","build","zoo","prepare","tired","former","active","wind","also","becoming","leather","try","sink","most","rope","cream","door","leather","field","wash","scientific","upon","already","consist","throughout","tears","white","could","noise","speak","facing","rays","vegetable","plates","these","said","cabin","remarkable","herd","seven","extra","paper","familiar","voyage","sea","part","favorite","poetry","least","wave","layers","vegetable","some","cry","bit","people","written","variety","bat","therefore","spite","thumb"
"human","tobacco","waste","crack","tried","indeed","exercise","energy","stove","change","include","settlers","be","rope","widely","dirty","lion","together","wrote","combine","measure","real","bag","per","pitch","afraid","education","printed","color","went","dead","flies","nails","cost","section","maybe","moving","thirty","salmon","factory","among","form","including","rest","capital","soft","particles","fur","mine","fuel","ahead","cloth","replied","properly","he","information","fellow","swimming","interest","continent","knowledge","waste","drove","outer","composed","leaf","accept","birth","coat","pure","fine","breathing","until","occasionally","since","face","stop","park","know","noted","statement","real","prove","battle","basis","leave","structure","negative","shake","moment","mouth","seed","sand","wagon","education","against","larger","oil","popular","probably"
"space","trick","level","start","product","company","nature","clay","son","office","track","nothing","meant","stop","there","real","chair","carry","home","bank","troops","contain","earlier","without","upper","bigger","information","car","bone","bread","score","slide","suppose","bark","respect","build","tiny","castle","grew","pool","within","division","bad","blind","cross","mainly","strong","deeply","properly","sad","except","bear","second","rule","discuss","could","mind","giving","bow","island","bee","shot","importance","court","corn","grain","dance","declared","amount","speech","interest","western","into","tie","shaking","gun","stock","pick","green","baseball","wheat","lower","special","difficulty","attention","roll","comfortable","income","victory","human","ought","tide","queen","help","cause","bound","riding","purple","spirit","children"
"handle","gulf","include","bank","solve","foot","organized","verb","police","atmosphere","off","battle","opportunity","or","however","effect","color","design","notice","go","necessary","desert","heart","explain","yard","refer","aboard","seen","balloon","lesson","nails","ocean","himself","gave","wood","in","gift","made","prove","general","milk","pipe","using","manner","ball","region","express","pie","hunt","loud","mental","characteristic","life","fifty","airplane","band","drew","load","cell","shut","finally","view","sound","factory","express","discussion","bone","speak","seen","ear","event","pattern","themselves","someone","college","fill","develop","car","motion","force","citizen","thirty","mother","native","round","change","till","still","exclaimed","substance","studied","lift","common","ought","tube","popular","means","dead","instance","since"
"discussion","grass","nine","two","maybe","nearly","protection","remember","agree","cream","without","model","brush","minerals","pick","condition","nearby","topic","ball","easily","secret","caught","impossible","youth","large","material","dawn","rich","everyone","post","port","sweet","money","support","becoming","finest","hunter","smaller","shelter","moment","donkey","continent","zero","word","carried","proud","shine","constantly","eye","cause","herself","three","bag","spell","scared","determine","went","pound","wide","forest","seeing","pure","start","hit","already","contrast","brief","book","herself","total","window","fellow","tune","butter","circle","country","trick","engineer","work","numeral","instrument","cattle","cream","sense","raise","indeed","die","coming","completely","generally","settle","against","play","must","courage","include","hurry","eventually","divide","hot"
"dream","start","pet","settle","sides","factory","bag","friend","contain","degree","worried","palace","beat","continent","verb","strip","saved","mouse","theory","evidence","over","charge","picture","funny","surrounded","fourth","block","country","joy","pig","thirty","stiff","girl","atomic","shadow","present","with","wonderful","food","important","pile","purpose","than","clean","empty","corner","myself","softly","guess","say","pilot","bank","horse","adjective","whether","lack","will","nearest","gather","plain","ruler","scared","hospital","represent","victory","is","refused","engineer","gravity","having","mouth","golden","weight","ought","closely","off","mail","corn","border","brass","state","mill","meal","street","bright","immediately","ship","imagine","native","he","care","feed","back","star","tower","satellites","roar","garden","fur","noise"
"purple","especially","trouble","game","country","six","difficult","arrive","firm","took","dig","hole","lovely","section","slabs","lack","troops","black","torn","burst","disappear","disappear","element","dust","myself","motor","compound","combine","sad","supper","pack","clearly","join","ten","test","monkey","exchange","numeral","son","fully","adjective","throat","several","bark","scene","distance","is","terrible","south","identity","slope","bet","information","characteristic","daily","warn","stairs","fort","occur","compound","rod","wherever","lunch","solar","bow","job","act","anyway","yesterday","done","live","tone","strip","general","taught","pay","rod","perfectly","teeth","castle","why","sheet","pattern","son","out","primitive","cent","harder","popular","down","silent","hungry","laid","turn","sound","laid","finger","method","process","doing"
"red","dangerous","wear","magic","saddle","were","mile","now","leaf","least","would","above","gasoline","outer","replace","happen","castle","pool","rough","fat","anything","rice","flame","it","with","find","house","step","hospital","settlers","now","pencil","driver","construction","nuts","heading","enemy","by","matter","alphabet","motion","cast","bread","conversation","society","seldom","threw","taste","matter","rhythm","bring","inside","recall","title","movie","cast","serious","morning","leg","beauty","everybody","be","aloud","doll","mice","trail","ate","meat","history","pile","blanket","moment","am","loud","birds","search","form","lose","review","room","describe","similar","typical","scientific","extra","instrument","indeed","character","symbol","tail","solve","finest","stay","engine","torn","hold","law","stranger","spin","mark"
"glad","cloud","halfway","adjective","learn","stone","hay","typical","pine","military","fed","active","price","house","farther","met","shape","lay","right","grandmother","us","read","development","honor","unhappy","frighten","loss","topic","break","suit","bus","engine","yourself","positive","heart","battle","motion","active","either","drink","pool","floating","come","crop","joy","least","article","upon","stay","nervous","disease","guess","lie","wonder","tried","tip","cream","jump","breakfast","twice","thumb","those","fire","occur","or","caught","feed","seed","mine","start","horn","engine","company","captured","cake","observe","hour","cry","left","meant","rich","band","is","laid","mixture","organized","men","silence","volume","captain","know","doubt","had","present","again","enter","afraid","rate","selection","tales"
"sick","course","development","different","difference","castle","curious","during","nearby","scientific","red","religious","forgotten","favorite","consist","swept","volume","regular","original","about","kill","sell","nuts","flat","effort","pair","flat","sound","weigh","heavy","brush","surrounded","divide","grandfather","course","sight","barn","slope","minerals","day","result","fifty","everywhere","after","angle","recent","various","pink","excited","scientist","greatest","nose","go","explanation","yellow","material","population","twenty","move","ate","brief","man","shore","central","national","better","fix","visitor","voice","none","bend","principal","arrange","winter","stage","listen","pony","deeply","parent","week","say","weight","enemy","plastic","main","former","nearest","clay","ear","right","cell","street","yes","married","six","religious","green","official","due","fuel"
"mirror","pile","tall","harder","relationship","managed","dry","won","is","concerned","pile","breakfast","using","pour","already","notice","crew","man","composed","correct","greatest","slightly","taught","compare","shine","four","design","without","pine","visitor","writer","soap","frame","rose","article","left","tropical","power","paint","sound","vote","sleep","silly","family","strange","carry","swimming","waste","dried","simplest","jump","toy","fun","six","dog","went","tube","gulf","crop","held","stick","from","zoo","deep","took","beside","balloon","nearby","pleasure","post","break","grabbed","important","dream","we","plates","smell","dead","shorter","percent","operation","foot","strong","wagon","hospital","do","reach","farther","to","matter","method","me","raise","class","nobody","acres","disease","daughter","location","number"
"income","came","hospital","fell","level","bean","letter","talk","turn","amount","gift","slabs","firm","jar","least","main","completely","late","cool","among","tongue","crack","method","excited","worse","equator","island","find","composed","tobacco","huge","ancient","spoken","shallow","morning","supply","population","whether","period","rod","more","fell","hour","electricity","pretty","cell","born","thin","curious","library","art","particularly","contrast","brick","thee","gift","strike","using","surprise","per","political","still","damage","becoming","thing","gone","quarter","magnet","frequently","held","white","seems","any","ear","journey","complete","atmosphere","body","huge","changing","happened","period","lake","difficulty","newspaper","beyond","extra","hill","policeman","pig","low","construction","trouble","saved","ought","he","stronger","plant","sheep","comfortable"
"hung","ran","today","sing","sudden","bone","huge","depth","lips","throw","stomach","leaving","movie","weak","composed","machinery","fallen","creature","labor","next","molecular","been","root","fox","below","definition","vote","skill","wide","cap","enemy","using","recently","held","far","win","talk","length","sell","than","honor","adventure","mill","fifth","yourself","attack","heart","swim","occasionally","volume","funny","mean","does","facing","broken","positive","written","gold","leather","able","classroom","lunch","nest","what","smile","stairs","terrible","muscle","seat","wonder","river","sunlight","manner","war","my","gravity","clearly","pupil","jar","feature","wore","modern","him","pretty","crack","soap","want","another","typical","as","hour","wall","youth","nice","shut","mainly","minute","guard","equator","range"
"main","idea","capital","from","track","spirit","light","himself","engine","take","service","tomorrow","college","require","life","nine","selection","change","parent","cap","river","watch","hollow","improve","speed","remarkable","field","basket","replace","allow","baby","settlers","everything","slave","natural","warm","knife","happen","room","rear","beat","smaller","decide","remove","vapor","realize","hide","helpful","had","recall","freedom","refer","barn","build","heading","guard","butter","author","original","realize","story","planned","worker","appearance","success","composition","short","joy","happened","stock","library","cook","pick","fifth","cool","obtain","stock","was","roof","rhythm","shadow","shore","drove","structure","fairly","struggle","divide","song","belt","mill","both","vapor","lying","copy","dish","pool","property","son","factor","question"
"state","consider","ourselves","want","express","support","hall","headed","recent","picture","cake","being","printed","scientific","actually","interest","production","came","image","come","machine","becoming","stage","most","hand","printed","labor","worried","consonant","wooden","second","key","busy","due","last","special","create","growth","label","fed","here","introduced","solid","ground","stood","cake","dust","enter","beneath","journey","line","expression","sand","gate","dish","refer","create","along","solve","bare","same","season","select","say","taste","poem","general","away","cover","track","captain","pleasure","price","rush","lose","globe","fireplace","means","fresh","spin","exactly","whose","read","pencil","team","related","cloud","rule","plates","somehow","smooth","mind","airplane","greatest","citizen","am","warm","dress","melted","on"
"leather","asleep","obtain","cloud","shirt","location","fort","audience","keep","calm","broad","scientific","than","sell","nearly","must","nation","label","two","verb","exactly","end","crew","complete","drawn","loose","sweet","somehow","game","captured","research","universe","daily","hope","greatest","hair","whenever","additional","alive","service","fill","they","empty","continued","numeral","day","keep","hang","shoulder","hard","sunlight","drink","beneath","helpful","visitor","immediately","depend","further","disappear","difficulty","forget","make","thousand","metal","outer","needed","stick","program","movie","ran","tank","month","slipped","drop","stuck","onto","tube","gulf","wheat","pictured","current","remain","means","west","for","gradually","complete","apart","thirty","shout","shall","learn","raw","rapidly","mountain","article","must","ten","trade","replace"
"five","whose","mine","mother","anywhere","sale","course","however","area","or","find","outside","tone","slip","darkness","forgotten","ants","atmosphere","captain","hair","myself","captain","drive","top","leg","tonight","mix","discuss","valuable","see","foot","exercise","shout","strike","dog","spirit","silly","last","rabbit","adult","again","receive","pot","hearing","package","helpful","coat","further","avoid","influence","studying","putting","diagram","written","clearly","leaving","allow","rock","later","appropriate","angry","excited","student","it","grandmother","until","explain","world","board","brain","fly","breakfast","half","once","accident","grow","bottle","wore","journey","chance","opportunity","older","there","correctly","pink","rose","greatest","change","bus","method","dead","too","buffalo","manufacturing","soap","brother","collect","region","remain","spend"
"wall","appearance","everywhere","purple","structure","place","forget","forty","become","chart","pile","handle","engineer","desert","gentle","everywhere","pick","branch","three","left","generally","production","dot","radio","mirror","couple","degree","pet","character","roll","electricity","ear","minute","into","dollar","date","cutting","stick","diagram","route","brass","fruit","wash","quick","however","act","soldier","failed","dish","further","example","service","your","receive","paint","struck","blue","perfectly","proud","sunlight","saddle","symbol","mental","numeral","bow","best","poem","he","climate","clothes","everywhere","shape","lay","face","serious","key","temperature","aside","cannot","yes","particles","roll","muscle","barn","nothing","seldom","birth","stage","even","dead","spend","remember","buy","detail","feature","vowel","speed","discovery","brush","taste"
"secret","we","fox","also","test","tone","test","molecular","fun","neck","instrument","driver","off","paper","drew","like","mice","just","high","silence","huge","due","nodded","break","apartment","strange","settle","pure","careful","raw","private","noise","tales","simplest","fact","test","key","never","bigger","object","his","beneath","society","different","bend","flew","die","color","clothing","twice","including","fruit","element","garden","escape","watch","farm","town","important","stage","temperature","until","again","call","wall","another","ability","already","direction","west","felt","rubber","aboard","verb","lucky","has","sink","frog","felt","press","men","good","foot","wheat","method","move","discuss","roll","region","powder","troops","roar","mental","band","improve","star","broke","toward","alike","too"
"certainly","why","particles","traffic","useful","colony","line","wait","iron","hide","burn","owner","temperature","return","stay","pond","represent","brass","taken","tool","instead","matter","apart","organized","southern","guard","shaking","reason","slabs","cow","mice","donkey","mouth","dirt","gravity","desert","breathe","cannot","farm","was","every","correct","supply","vote","shall","might","certain","large","positive","dark","industry","shallow","lose","hidden","became","twenty","disappear","split","thing","fairly","make","own","face","stove","loud","tea","pond","better","certainly","sentence","president","see","hungry","clay","making","cross","vegetable","being","lift","inside","leave","applied","build","farmer","numeral","that","choose","needed","bear","hidden","soon","disappear","two","thing","air","its","send","chain","how","simply"
"do","row","driven","press","circle","shake","needed","difficult","mouse","river","likely","exciting","browserling","view","blind","period","mean","fully","after","thirty","center","drove","man","rocket","this","imagine","discovery","safety","member","bus","hot","younger","children","send","forgot","for","dear","interior","son","comfortable","dangerous","principal","frame","wrapped","important","hard","number","pattern","suddenly","mud","harbor","ran","pair","sight","frighten","today","to","throughout","luck","high","control","product","worry","carbon","wing","simply","desert","tired","difference","tree","such","flat","stomach","idea","snow","ants","stood","accept","enter","angry","under","baseball","seven","torn","wrong","shelter","diameter","valley","probably","nose","thousand","strange","include","sum","mostly","exercise","sense","forward","why","pine"
"minute","would","father","giant","voyage","yes","reason","flies","complex","upon","mad","cloth","terrible","shoe","single","harder","mass","fur","plenty","remarkable","equally","doll","she","voyage","again","market","wise","bell","ear","wealth","business","daily","population","pull","history","cause","receive","satellites","tell","chemical","example","living","telephone","love","hair","wet","shaking","serious","rush","numeral","young","shinning","four","consist","moon","salt","hungry","building","chain","method","special","sheep","directly","slow","naturally","wife","unit","sang","parallel","already","clearly","talk","spread","sea","audience","saw","fix","fence","mind","account","bush","train","fellow","human","where","negative","including","planet","huge","anywhere","cut","brush","itself","quietly","wrapped","paper","political","declared","might","suppose"
